-- phpMyAdmin SQL Dump
-- version 4.5.4.1deb2ubuntu2
-- http://www.phpmyadmin.net
--
-- Client :  localhost
-- Généré le :  Jeu 21 Juin 2018 à 12:11
-- Version du serveur :  5.7.22-0ubuntu0.16.04.1-log
-- Version de PHP :  7.2.5-1+ubuntu16.04.1+deb.sury.org+1

SET SQL_MODE = "NO_AUTO_VALUE_ON_ZERO";
SET time_zone = "+00:00";


/*!40101 SET @OLD_CHARACTER_SET_CLIENT=@@CHARACTER_SET_CLIENT */;
/*!40101 SET @OLD_CHARACTER_SET_RESULTS=@@CHARACTER_SET_RESULTS */;
/*!40101 SET @OLD_COLLATION_CONNECTION=@@COLLATION_CONNECTION */;
/*!40101 SET NAMES utf8mb4 */;

--
-- Base de données :  `adrien.ciampone`
--

-- --------------------------------------------------------

--
-- Structure de la table `capture`
--

CREATE TABLE `capture` (
  `noDresseurs` int(11) NOT NULL,
  `noPokemon` int(11) NOT NULL
) ENGINE=InnoDB DEFAULT CHARSET=latin1;

--
-- Contenu de la table `capture`
--

INSERT INTO `capture` (`noDresseurs`, `noPokemon`) VALUES
(6, 221),
(6, 234),
(6, 236),
(6, 238),
(6, 240),
(6, 242),
(6, 244),
(6, 258),
(9, 285),
(9, 311),
(9, 313),
(9, 315),
(9, 317),
(9, 319),
(9, 321),
(9, 323),
(9, 326),
(9, 328),
(9, 330),
(9, 341),
(9, 343),
(9, 345),
(9, 365),
(9, 367),
(9, 369),
(9, 378),
(9, 420),
(9, 422),
(9, 425),
(10, 441),
(11, 454),
(11, 456),
(11, 458),
(11, 460),
(11, 462),
(11, 464),
(11, 466),
(11, 468),
(11, 470),
(11, 472),
(11, 474),
(11, 476),
(11, 478),
(11, 480),
(11, 482),
(11, 484),
(11, 486),
(11, 488),
(11, 490),
(11, 492),
(11, 494),
(11, 496),
(11, 498),
(11, 500),
(10, 506),
(10, 509),
(10, 512),
(10, 537),
(10, 541),
(10, 543),
(10, 545),
(12, 551),
(12, 553),
(12, 556),
(13, 581),
(13, 583),
(13, 585),
(13, 587),
(13, 589),
(13, 591),
(13, 593),
(13, 595),
(13, 31566),
(14, 612),
(14, 620),
(14, 622),
(14, 634),
(14, 639),
(14, 647);

-- --------------------------------------------------------

--
-- Structure de la table `dresseurs`
--

CREATE TABLE `dresseurs` (
  `no` int(11) NOT NULL,
  `pseudo` varchar(50) CHARACTER SET utf8mb4 COLLATE utf8mb4_unicode_ci NOT NULL,
  `password` varchar(255) CHARACTER SET utf8 COLLATE utf8_unicode_ci NOT NULL
) ENGINE=InnoDB DEFAULT CHARSET=latin1;

--
-- Contenu de la table `dresseurs`
--

INSERT INTO `dresseurs` (`no`, `pseudo`, `password`) VALUES
(10, 'Skyggen', '$2y$10$8viuEh7pIIL.p1jzHr6MRu2MtWlRLDczaP2dhmvrY2ksMCejzV89G'),
(11, 'Ilans', '$2y$10$ssXevjs2eb.TBtsNnRWWoOQ02mTtWBqdT.6LWVeaPFQRAv1sIgSHS'),
(12, 'pedro', '$2y$10$u/.ssouWcVjPwNApV7PMa.ER587cIA.3q7D3sYenjncG47mwwpzLi'),
(13, 'qwertz', '$2y$10$M5DKfOHjArjnS8AyRRsQ3.Zzhqag/iobRGuOb75793HsL2WqzcEzy'),
(14, 'angel', '$2y$10$g0dIXDExL/FGJObArQrkEemVJTd3hoUqdMehARDxLlB43/Z7aa9z.');

-- --------------------------------------------------------

--
-- Structure de la table `fichepokemon`
--

CREATE TABLE `fichepokemon` (
  `no` int(11) NOT NULL,
  `nom` varchar(50) NOT NULL,
  `description` text NOT NULL
) ENGINE=InnoDB DEFAULT CHARSET=latin1;

--
-- Contenu de la table `fichepokemon`
--

INSERT INTO `fichepokemon` (`no`, `nom`, `description`) VALUES
(1, 'Bulbizarre', 'La graine sur le dos de Bulbizarre est une réserve de nutriments. Il la fait doucement pousser en absorbant les rayons du soleil, et emmagasine de l\'énergie dedans en vue de son évolution. S\'il dépense trop souvent son énergie, il n\'évoluera pas car l\'ouverture de son bulbe dépend de ses réserves de nutriments.\r\n'),
(2, 'Herbizarre', 'Le bulbe sur le dos de Herbizarre a éclos, dévoilant ainsi une fleur fermée. Plus il passe de temps au soleil, plus sa fleur se prépare à s\'ouvrir, et quelques temps avant son évolution, il dégage une douce odeur fruitée. Attention à ses Tranch\'herbes et à ses Fouets lianes.\r\n'),
(3, 'Florizarre', 'Comme un panneau solaire, les pétales de la fleur de Florizarre transforment les rayons du soleil en énergie. Il est maître d\'un troupeau de Herbizarre et de Bulbizarre, qu\'il garde férocement. L\'odeur se dégageant de sa fleur est exquise, mais mieux vaut ne pas s\'approcher d\'un Florizarre sauvage et de sa horde.\r\n'),
(4, 'Salamèche', 'De récentes études prouvent que la flamme qui brûle sur la queue de Salamèche indique son état de santé, mais aussi son caractère. S\'il se sent faible, la flamme sera toute petite. Et si par malheur sa flamme s\'éteint, il meurt, car c\'est le seul moyen pour lui de se refroidir.\r\n'),
(5, 'Reptincel', 'Reptincel est un Pokémon sauvage, difficile à maîtriser. Beaucoup de dresseurs trouvent leur Pokémon changé à leur évolution, et parfois il échappe à leur contrôle. Ses griffes acérées sont des armes redoutables, et quand il se bat, sa flamme prends une couleur bleue-argentée.\r\n'),
(6, 'Dracaufeu', 'Pokémon noble, Dracaufeu est aussi réputé pour avoir sale caractère. Il crache d\'impressionnants jets de flammes, et ses ailes lui permettent de voler à 1400 mètres d\'altitude. Cependant, si son dresseur possède assez de détermination pour lui prouver que c\'est lui le maître, il peut devenir extrêmement puissant.\r\n'),
(7, 'Carapuce', 'Les bébés Carapuce sont extrêmement vulnérables à la naissance, car leur carapace est toute molle. C\'est pourquoi ils boivent régulièrement une eau riche en minéraux. Elle devient ensuite dure comme de la pierre. S\'il est menacé, il se réfugie à l\'intérieur et envoie un jet d\'eau à son agresseur.\r\n'),
(8, 'Carabaffe', 'Carabaffe est un nageur émérite. Il contrôle efficacement ses oreilles et sa queue pour s\'en servir de gouvernail. C\'est un pokémon très apprécié des pompiers, car il crache de puissants jets d\'eau tout en pouvant se faufiler un peu partout. Il est pacifique, mais il reste puissant.\r\n'),
(9, 'Tortank', 'Malgré sa puissance et son apparence imposante, Tortank est très apprécié car il a très bon caractère. C\'est un pokémon à la nature douce et même un enfant de 7 ans pourrait le contrôler. Mais il est redoutable au combat. Si ses griffes s\'ancrent dans le sol, c\'est qu\'il va tirer un puissant jet d\'eau de ses canons.\r\n'),
(10, 'Chenipan', 'S\'il paraît mignon, les antennes rouges de Chenipan dégagent en revanche une odeur proche de la moisissure. Les ventouses sur ses pattes lui permettent de grimper partout. Les agriculteurs le considèrent comme nuisible, car il a un appétit d\'ogre : un seul Chenipan peut manger toutes les feuilles d\'un arbre en quelques jours.\r\n'),
(11, 'Chrysacier', 'Chrysacier est un Pokémon passif. Il attends patiemment que son corps se transforme à l\'intérieur de sa carapace. Ce Pokémon a été obligé de développer une puissante armure pour se protéger, car son corps à l\'intérieur est mou, et son physique l\'empêche de se mouvoir correctement.\r\n'),
(12, 'Papilusion', 'Grand amateur de nectar et de miel, Papilusion n\'est pas aussi inoffensif qu\'il n\'en a l\'air. Beaucoup de personnes s\'approchent de ce Pokémon sans savoir que ses ailes sont recouvertes d\'une puissante poudre toxique imperméable. Il maîtrise parfaitement toutes les poudres nocives, comme la Para-spore ou la Poudre toxik.\r\n'),
(13, 'Aspicot', 'Si vous grimpez dans un arbre, soulevez les feuilles avant d\'y poser la main car il se pourrait bien qu\'un Aspicot s\'y cache. S\'il se sent agressé, il utilise la corne sur son front pour se défendre, et une simple piqûre injecte un poison pouvant être mortel. Quand il se prépare a évoluer, Aspicot se réfugie dans un arbre pour se mettre à l\'abri.\r\n');

-- --------------------------------------------------------

--
-- Structure de la table `pokemon`
--

CREATE TABLE `pokemon` (
  `no` int(11) NOT NULL,
  `noFichePok` int(11) NOT NULL,
  `nivPok` int(11) NOT NULL,
  `sexe` varchar(10) NOT NULL
) ENGINE=InnoDB DEFAULT CHARSET=latin1;

--
-- Contenu de la table `pokemon`
--

INSERT INTO `pokemon` (`no`, `noFichePok`, `nivPok`, `sexe`) VALUES
(1, 10, 11, 'femelle'),
(2, 5, 39, 'femelle'),
(3, 5, 77, 'male'),
(4, 12, 60, 'male'),
(5, 12, 35, 'male'),
(6, 8, 59, 'femelle'),
(7, 1, 39, 'femelle'),
(8, 9, 25, 'femelle'),
(9, 12, 2, 'male'),
(10, 12, 85, 'femelle'),
(11, 7, 79, 'male'),
(12, 8, 13, 'femelle'),
(13, 13, 35, 'femelle'),
(14, 9, 78, 'male'),
(15, 4, 88, 'femelle'),
(16, 3, 50, 'femelle'),
(17, 2, 80, 'femelle'),
(18, 8, 12, 'femelle'),
(19, 8, 30, 'male'),
(20, 11, 32, 'femelle'),
(21, 8, 87, 'femelle'),
(22, 12, 53, 'male'),
(23, 10, 55, 'femelle'),
(24, 1, 13, 'male'),
(25, 5, 76, 'male'),
(26, 3, 80, 'femelle'),
(27, 13, 71, 'femelle'),
(28, 8, 70, 'male'),
(29, 10, 51, 'male'),
(30, 3, 93, 'male'),
(31, 4, 68, 'femelle'),
(32, 2, 100, 'femelle'),
(33, 12, 59, 'femelle'),
(34, 7, 33, 'femelle'),
(35, 5, 80, 'male'),
(36, 9, 73, 'femelle'),
(37, 11, 54, 'male'),
(38, 9, 42, 'femelle'),
(39, 9, 89, 'male'),
(40, 9, 21, 'male'),
(41, 3, 5, 'femelle'),
(42, 6, 2, 'male'),
(43, 2, 31, 'male'),
(44, 7, 33, 'male'),
(45, 6, 39, 'male'),
(46, 12, 89, 'femelle'),
(47, 6, 88, 'male'),
(48, 3, 70, 'male'),
(49, 10, 61, 'male'),
(50, 6, 22, 'male'),
(51, 7, 56, 'male'),
(52, 11, 59, 'male'),
(53, 2, 78, 'male'),
(54, 2, 20, 'femelle'),
(55, 3, 13, 'male'),
(56, 3, 93, 'male'),
(57, 9, 11, 'male'),
(58, 2, 79, 'male'),
(59, 7, 4, 'male'),
(60, 5, 83, 'male'),
(61, 7, 48, 'femelle'),
(62, 2, 46, 'male'),
(63, 4, 57, 'male'),
(64, 7, 62, 'femelle'),
(65, 9, 67, 'male'),
(66, 10, 11, 'male'),
(67, 7, 52, 'male'),
(68, 8, 30, 'male'),
(69, 9, 1, 'femelle'),
(70, 12, 53, 'male'),
(71, 2, 27, 'femelle'),
(72, 7, 49, 'male'),
(73, 12, 27, 'male'),
(74, 3, 80, 'femelle'),
(75, 7, 24, 'femelle'),
(76, 1, 17, 'male'),
(77, 3, 99, 'male'),
(78, 2, 62, 'male'),
(79, 3, 22, 'male'),
(80, 13, 45, 'femelle'),
(81, 3, 32, 'femelle'),
(82, 13, 41, 'femelle'),
(83, 6, 35, 'male'),
(84, 1, 65, 'male'),
(85, 8, 97, 'male'),
(86, 3, 28, 'male'),
(87, 9, 15, 'femelle'),
(88, 12, 85, 'femelle'),
(89, 7, 77, 'male'),
(90, 1, 24, 'male'),
(91, 1, 62, 'male'),
(92, 9, 19, 'male'),
(93, 11, 92, 'femelle'),
(94, 9, 26, 'male'),
(95, 6, 2, 'male'),
(96, 10, 79, 'femelle'),
(97, 7, 22, 'femelle'),
(98, 6, 10, 'femelle'),
(99, 2, 81, 'male'),
(100, 8, 67, 'femelle'),
(101, 4, 50, 'femelle'),
(102, 6, 8, 'femelle'),
(103, 4, 11, 'femelle'),
(104, 9, 46, 'femelle'),
(105, 5, 60, 'male'),
(106, 2, 98, 'male'),
(107, 3, 52, 'femelle'),
(108, 3, 17, 'male'),
(109, 1, 56, 'femelle'),
(110, 10, 2, 'femelle'),
(111, 4, 85, 'male'),
(112, 10, 59, 'male'),
(113, 12, 12, 'femelle'),
(114, 5, 59, 'femelle'),
(115, 8, 24, 'femelle'),
(116, 13, 19, 'male'),
(117, 13, 31, 'femelle'),
(118, 7, 71, 'male'),
(119, 11, 78, 'male'),
(120, 9, 97, 'femelle'),
(121, 9, 48, 'male'),
(122, 12, 83, 'male'),
(123, 5, 43, 'male'),
(124, 3, 5, 'male'),
(125, 3, 59, 'femelle'),
(126, 2, 65, 'male'),
(127, 10, 40, 'femelle'),
(128, 8, 17, 'male'),
(129, 10, 24, 'male'),
(130, 2, 88, 'male'),
(131, 12, 67, 'male'),
(132, 11, 66, 'male'),
(133, 11, 1, 'male'),
(134, 1, 16, 'femelle'),
(135, 11, 88, 'femelle'),
(136, 5, 63, 'femelle'),
(137, 6, 51, 'male'),
(138, 13, 93, 'femelle'),
(139, 12, 18, 'male'),
(140, 2, 20, 'male'),
(141, 5, 70, 'male'),
(142, 3, 66, 'male'),
(143, 8, 88, 'femelle'),
(144, 4, 83, 'femelle'),
(145, 5, 50, 'femelle'),
(146, 7, 73, 'male'),
(147, 1, 57, 'femelle'),
(148, 4, 55, 'femelle'),
(149, 12, 58, 'male'),
(150, 10, 99, 'femelle'),
(151, 1, 83, 'male'),
(152, 11, 63, 'male'),
(153, 13, 21, 'male'),
(154, 12, 39, 'male'),
(155, 13, 96, 'male'),
(156, 12, 19, 'male'),
(157, 13, 58, 'femelle'),
(158, 13, 63, 'male'),
(159, 12, 84, 'male'),
(160, 13, 49, 'femelle'),
(161, 12, 52, 'femelle'),
(162, 12, 92, 'male'),
(163, 13, 73, 'femelle'),
(164, 13, 39, 'male'),
(165, 12, 57, 'femelle'),
(166, 12, 61, 'femelle'),
(167, 13, 46, 'femelle'),
(168, 3, 27, 'femelle'),
(169, 12, 38, 'male'),
(170, 2, 94, 'femelle'),
(171, 1, 22, 'femelle'),
(172, 3, 36, 'femelle'),
(173, 12, 11, 'male'),
(174, 2, 52, 'male'),
(175, 5, 16, 'femelle'),
(176, 7, 38, 'male'),
(177, 11, 11, 'male'),
(178, 5, 85, 'femelle'),
(179, 1, 4, 'male'),
(180, 7, 51, 'femelle'),
(181, 13, 76, 'femelle'),
(182, 5, 95, 'femelle'),
(183, 3, 5, 'male'),
(184, 10, 58, 'male'),
(185, 2, 40, 'male'),
(186, 4, 76, 'femelle'),
(187, 11, 96, 'femelle'),
(188, 6, 24, 'male'),
(189, 6, 49, 'femelle'),
(190, 8, 93, 'male'),
(191, 12, 21, 'femelle'),
(192, 13, 34, 'male'),
(193, 6, 91, 'femelle'),
(194, 12, 4, 'male'),
(195, 10, 29, 'femelle'),
(196, 5, 20, 'male'),
(197, 11, 92, 'male'),
(198, 3, 12, 'femelle'),
(199, 3, 96, 'femelle'),
(200, 11, 96, 'femelle'),
(201, 3, 25, 'male'),
(202, 11, 80, 'femelle'),
(203, 11, 38, 'femelle'),
(204, 11, 69, 'femelle'),
(205, 2, 30, 'male'),
(206, 11, 97, 'femelle'),
(207, 11, 80, 'femelle'),
(208, 2, 99, 'femelle'),
(209, 9, 3, 'femelle'),
(210, 5, 33, 'male'),
(211, 12, 75, 'male'),
(212, 6, 61, 'male'),
(213, 8, 21, 'femelle'),
(214, 11, 84, 'male'),
(215, 12, 54, 'femelle'),
(216, 7, 21, 'femelle'),
(217, 2, 6, 'male'),
(218, 8, 86, 'femelle'),
(219, 1, 74, 'male'),
(220, 8, 65, 'male'),
(221, 3, 50, 'male'),
(222, 5, 22, 'femelle'),
(223, 9, 97, 'femelle'),
(224, 3, 5, 'femelle'),
(225, 9, 47, 'male'),
(226, 2, 71, 'male'),
(227, 3, 3, 'male'),
(228, 11, 69, 'male'),
(229, 2, 75, 'male'),
(230, 11, 5, 'femelle'),
(231, 10, 83, 'femelle'),
(232, 7, 37, 'femelle'),
(233, 10, 63, 'femelle'),
(234, 9, 30, 'male'),
(235, 10, 37, 'femelle'),
(236, 6, 39, 'femelle'),
(237, 3, 43, 'male'),
(238, 12, 61, 'femelle'),
(239, 2, 90, 'male'),
(240, 8, 17, 'male'),
(241, 12, 59, 'femelle'),
(242, 1, 21, 'male'),
(243, 9, 15, 'male'),
(244, 6, 75, 'femelle'),
(245, 5, 2, 'femelle'),
(246, 11, 55, 'male'),
(247, 6, 14, 'femelle'),
(248, 8, 47, 'femelle'),
(249, 5, 75, 'femelle'),
(250, 11, 95, 'femelle'),
(251, 12, 76, 'male'),
(252, 3, 31, 'femelle'),
(253, 12, 20, 'male'),
(254, 8, 60, 'male'),
(255, 2, 4, 'femelle'),
(256, 8, 73, 'male'),
(257, 13, 28, 'femelle'),
(258, 8, 92, 'male'),
(259, 9, 100, 'male'),
(260, 1, 70, 'femelle'),
(261, 10, 64, 'male'),
(262, 10, 33, 'male'),
(263, 2, 99, 'male'),
(264, 9, 32, 'femelle'),
(265, 4, 25, 'femelle'),
(266, 13, 28, 'femelle'),
(267, 9, 78, 'male'),
(268, 10, 49, 'femelle'),
(269, 13, 18, 'male'),
(270, 10, 10, 'male'),
(271, 9, 74, 'femelle'),
(272, 1, 62, 'femelle'),
(273, 9, 90, 'male'),
(274, 5, 68, 'femelle'),
(275, 9, 64, 'male'),
(276, 4, 67, 'male'),
(277, 2, 31, 'femelle'),
(278, 2, 27, 'femelle'),
(279, 7, 44, 'femelle'),
(280, 1, 35, 'femelle'),
(281, 1, 25, 'femelle'),
(282, 12, 15, 'male'),
(283, 2, 66, 'male'),
(284, 12, 80, 'male'),
(285, 8, 62, 'femelle'),
(286, 3, 81, 'male'),
(287, 4, 71, 'femelle'),
(288, 8, 41, 'male'),
(289, 6, 14, 'male'),
(290, 12, 25, 'male'),
(291, 10, 10, 'femelle'),
(292, 6, 5, 'male'),
(293, 2, 71, 'femelle'),
(294, 8, 34, 'male'),
(295, 2, 79, 'male'),
(296, 7, 79, 'male'),
(297, 7, 39, 'femelle'),
(298, 12, 2, 'male'),
(299, 2, 44, 'femelle'),
(300, 4, 70, 'male'),
(301, 13, 78, 'femelle'),
(302, 5, 55, 'male'),
(303, 12, 31, 'femelle'),
(304, 10, 91, 'femelle'),
(305, 12, 86, 'male'),
(306, 11, 86, 'femelle'),
(307, 2, 21, 'femelle'),
(308, 6, 87, 'femelle'),
(309, 13, 36, 'male'),
(310, 6, 94, 'femelle'),
(311, 11, 15, 'male'),
(312, 10, 97, 'male'),
(313, 6, 90, 'femelle'),
(314, 10, 70, 'femelle'),
(315, 1, 83, 'male'),
(316, 8, 55, 'male'),
(317, 7, 38, 'male'),
(318, 6, 75, 'femelle'),
(319, 5, 92, 'male'),
(320, 1, 59, 'male'),
(321, 9, 83, 'male'),
(322, 4, 7, 'femelle'),
(323, 6, 37, 'male'),
(324, 2, 78, 'femelle'),
(325, 7, 80, 'male'),
(326, 12, 33, 'male'),
(327, 13, 89, 'male'),
(328, 13, 65, 'male'),
(329, 4, 47, 'femelle'),
(330, 11, 74, 'male'),
(331, 4, 24, 'femelle'),
(332, 4, 73, 'male'),
(333, 13, 36, 'femelle'),
(334, 8, 8, 'male'),
(335, 5, 67, 'femelle'),
(336, 9, 90, 'femelle'),
(337, 9, 28, 'male'),
(338, 4, 13, 'femelle'),
(339, 9, 76, 'male'),
(340, 2, 79, 'male'),
(341, 3, 17, 'femelle'),
(342, 10, 63, 'femelle'),
(343, 5, 53, 'femelle'),
(344, 12, 43, 'femelle'),
(345, 7, 48, 'male'),
(346, 6, 28, 'femelle'),
(347, 7, 24, 'femelle'),
(348, 13, 48, 'male'),
(349, 1, 89, 'femelle'),
(350, 7, 59, 'male'),
(351, 10, 18, 'femelle'),
(352, 2, 37, 'femelle'),
(353, 11, 10, 'femelle'),
(354, 13, 4, 'femelle'),
(355, 4, 49, 'male'),
(356, 6, 34, 'femelle'),
(357, 1, 96, 'male'),
(358, 11, 66, 'male'),
(359, 11, 2, 'male'),
(360, 10, 35, 'femelle'),
(361, 10, 71, 'femelle'),
(362, 7, 85, 'male'),
(363, 13, 40, 'femelle'),
(364, 9, 65, 'male'),
(365, 9, 20, 'male'),
(366, 8, 24, 'male'),
(367, 1, 19, 'femelle'),
(368, 12, 86, 'femelle'),
(369, 3, 62, 'male'),
(370, 5, 11, 'male'),
(371, 7, 14, 'femelle'),
(372, 5, 74, 'femelle'),
(373, 13, 57, 'femelle'),
(374, 3, 11, 'femelle'),
(375, 8, 6, 'femelle'),
(376, 10, 81, 'male'),
(377, 6, 50, 'male'),
(378, 10, 67, 'femelle'),
(379, 5, 87, 'male'),
(380, 6, 54, 'male'),
(381, 7, 79, 'male'),
(382, 13, 12, 'male'),
(383, 11, 32, 'femelle'),
(384, 8, 13, 'male'),
(385, 13, 27, 'femelle'),
(386, 11, 61, 'male'),
(387, 13, 40, 'femelle'),
(388, 8, 24, 'male'),
(389, 8, 8, 'femelle'),
(390, 4, 50, 'male'),
(391, 9, 3, 'femelle'),
(392, 5, 15, 'male'),
(393, 1, 22, 'male'),
(394, 12, 83, 'femelle'),
(395, 1, 54, 'male'),
(396, 2, 80, 'femelle'),
(397, 6, 30, 'male'),
(398, 11, 28, 'femelle'),
(399, 2, 22, 'femelle'),
(400, 4, 98, 'femelle'),
(401, 6, 50, 'male'),
(402, 12, 72, 'femelle'),
(403, 11, 26, 'femelle'),
(404, 1, 56, 'femelle'),
(405, 10, 36, 'male'),
(406, 4, 11, 'male'),
(407, 4, 36, 'male'),
(408, 5, 77, 'femelle'),
(409, 11, 97, 'male'),
(410, 12, 40, 'male'),
(411, 3, 97, 'femelle'),
(412, 1, 81, 'femelle'),
(413, 6, 61, 'male'),
(414, 3, 41, 'male'),
(415, 8, 43, 'male'),
(416, 7, 80, 'femelle'),
(417, 4, 15, 'femelle'),
(418, 3, 49, 'male'),
(419, 5, 83, 'femelle'),
(420, 5, 69, 'male'),
(421, 8, 42, 'male'),
(422, 13, 17, 'male'),
(423, 10, 48, 'femelle'),
(424, 5, 88, 'femelle'),
(425, 13, 68, 'male'),
(426, 4, 14, 'femelle'),
(427, 8, 17, 'femelle'),
(428, 8, 21, 'male'),
(429, 10, 91, 'male'),
(430, 3, 15, 'femelle'),
(431, 3, 43, 'femelle'),
(432, 3, 29, 'male'),
(433, 8, 50, 'femelle'),
(434, 5, 46, 'male'),
(435, 13, 78, 'femelle'),
(436, 5, 86, 'male'),
(437, 1, 83, 'femelle'),
(438, 12, 2, 'femelle'),
(439, 6, 52, 'male'),
(440, 10, 29, 'male'),
(441, 5, 58, 'male'),
(442, 6, 87, 'male'),
(443, 13, 93, 'femelle'),
(444, 10, 23, 'male'),
(445, 7, 27, 'femelle'),
(446, 8, 53, 'male'),
(447, 9, 82, 'male'),
(448, 5, 89, 'femelle'),
(449, 4, 8, 'femelle'),
(450, 4, 28, 'male'),
(451, 8, 19, 'male'),
(452, 1, 5, 'male'),
(453, 7, 43, 'male'),
(454, 1, 75, 'femelle'),
(455, 6, 58, 'male'),
(456, 3, 71, 'male'),
(457, 1, 54, 'femelle'),
(458, 9, 20, 'femelle'),
(459, 7, 53, 'femelle'),
(460, 6, 45, 'femelle'),
(461, 3, 19, 'femelle'),
(462, 10, 33, 'femelle'),
(463, 11, 45, 'male'),
(464, 12, 26, 'male'),
(465, 1, 50, 'femelle'),
(466, 10, 40, 'femelle'),
(467, 9, 38, 'male'),
(468, 8, 90, 'femelle'),
(469, 7, 49, 'femelle'),
(470, 4, 88, 'male'),
(471, 9, 28, 'male'),
(472, 12, 10, 'male'),
(473, 8, 37, 'femelle'),
(474, 7, 59, 'male'),
(475, 3, 16, 'femelle'),
(476, 3, 73, 'femelle'),
(477, 4, 7, 'femelle'),
(478, 1, 57, 'male'),
(479, 1, 66, 'femelle'),
(480, 6, 27, 'male'),
(481, 2, 19, 'male'),
(482, 3, 61, 'male'),
(483, 12, 86, 'femelle'),
(484, 4, 44, 'male'),
(485, 11, 62, 'femelle'),
(486, 9, 91, 'femelle'),
(487, 7, 4, 'femelle'),
(488, 13, 94, 'femelle'),
(489, 7, 61, 'femelle'),
(490, 11, 28, 'male'),
(491, 6, 58, 'femelle'),
(492, 11, 30, 'femelle'),
(493, 3, 99, 'femelle'),
(494, 2, 74, 'male'),
(495, 9, 5, 'male'),
(496, 5, 82, 'male'),
(497, 7, 53, 'femelle'),
(498, 7, 60, 'male'),
(499, 13, 23, 'femelle'),
(500, 13, 42, 'femelle'),
(501, 12, 35, 'femelle'),
(502, 3, 35, 'femelle'),
(503, 1, 36, 'femelle'),
(504, 12, 74, 'femelle'),
(505, 1, 44, 'male'),
(506, 6, 78, 'femelle'),
(507, 8, 56, 'femelle'),
(508, 8, 72, 'femelle'),
(509, 8, 42, 'male'),
(510, 6, 21, 'femelle'),
(511, 11, 9, 'femelle'),
(512, 8, 66, 'male'),
(513, 11, 81, 'femelle'),
(514, 11, 37, 'male'),
(515, 8, 5, 'male'),
(516, 5, 31, 'male'),
(517, 6, 98, 'femelle'),
(518, 3, 45, 'femelle'),
(519, 13, 8, 'male'),
(520, 5, 71, 'femelle'),
(521, 13, 99, 'male'),
(522, 9, 22, 'femelle'),
(523, 8, 37, 'male'),
(524, 5, 73, 'femelle'),
(525, 7, 82, 'male'),
(526, 5, 91, 'femelle'),
(527, 10, 22, 'male'),
(528, 3, 8, 'male'),
(529, 13, 12, 'femelle'),
(530, 10, 42, 'male'),
(531, 8, 75, 'male'),
(532, 7, 42, 'male'),
(533, 6, 5, 'femelle'),
(534, 12, 21, 'male'),
(535, 12, 34, 'femelle'),
(536, 3, 49, 'femelle'),
(537, 7, 98, 'male'),
(538, 4, 52, 'male'),
(539, 2, 46, 'male'),
(540, 3, 61, 'femelle'),
(541, 2, 92, 'male'),
(542, 9, 36, 'male'),
(543, 12, 99, 'femelle'),
(544, 10, 33, 'male'),
(545, 12, 26, 'femelle'),
(546, 9, 87, 'femelle'),
(547, 7, 40, 'femelle'),
(548, 9, 99, 'femelle'),
(549, 8, 7, 'male'),
(550, 10, 75, 'femelle'),
(551, 6, 92, 'male'),
(552, 4, 14, 'male'),
(553, 1, 64, 'male'),
(554, 3, 87, 'femelle'),
(555, 12, 19, 'femelle'),
(556, 10, 42, 'male'),
(557, 11, 11, 'femelle'),
(558, 2, 100, 'femelle'),
(559, 7, 31, 'femelle'),
(560, 9, 96, 'male'),
(561, 9, 75, 'femelle'),
(562, 3, 23, 'male'),
(563, 3, 59, 'femelle'),
(564, 8, 92, 'femelle'),
(565, 9, 86, 'femelle'),
(566, 6, 28, 'femelle'),
(567, 9, 62, 'male'),
(568, 1, 41, 'male'),
(569, 9, 44, 'male'),
(570, 12, 44, 'femelle'),
(571, 7, 98, 'femelle'),
(572, 5, 41, 'male'),
(573, 10, 63, 'male'),
(574, 3, 28, 'male'),
(575, 12, 52, 'male'),
(576, 12, 27, 'femelle'),
(577, 12, 86, 'male'),
(578, 8, 63, 'femelle'),
(579, 11, 94, 'femelle'),
(580, 5, 100, 'femelle'),
(581, 10, 67, 'male'),
(582, 12, 94, 'male'),
(583, 1, 1, 'male'),
(584, 7, 53, 'femelle'),
(585, 3, 12, 'male'),
(586, 5, 84, 'male'),
(587, 7, 8, 'femelle'),
(588, 5, 28, 'femelle'),
(589, 1, 92, 'femelle'),
(590, 10, 10, 'male'),
(591, 12, 33, 'male'),
(592, 11, 76, 'femelle'),
(593, 5, 53, 'male'),
(594, 5, 32, 'male'),
(595, 6, 21, 'male'),
(596, 2, 81, 'femelle'),
(597, 5, 1, 'male'),
(598, 2, 75, 'femelle'),
(599, 1, 95, 'femelle'),
(600, 6, 91, 'femelle'),
(601, 12, 98, 'femelle'),
(602, 7, 61, 'male'),
(603, 10, 18, 'male'),
(604, 4, 98, 'male'),
(605, 11, 28, 'femelle'),
(606, 3, 60, 'male'),
(607, 13, 63, 'femelle'),
(608, 8, 80, 'femelle'),
(609, 12, 40, 'femelle'),
(610, 1, 94, 'male'),
(611, 9, 52, 'male'),
(612, 9, 97, 'femelle'),
(613, 3, 11, 'femelle'),
(614, 9, 7, 'male'),
(615, 2, 77, 'femelle'),
(616, 11, 9, 'male'),
(617, 2, 93, 'femelle'),
(618, 10, 79, 'male'),
(619, 2, 98, 'male'),
(620, 7, 73, 'male'),
(621, 1, 79, 'femelle'),
(622, 8, 16, 'femelle'),
(623, 13, 88, 'femelle'),
(624, 7, 43, 'male'),
(625, 10, 28, 'femelle'),
(626, 1, 37, 'femelle'),
(627, 9, 40, 'femelle'),
(628, 1, 85, 'femelle'),
(629, 7, 75, 'male'),
(630, 12, 56, 'male'),
(631, 11, 38, 'male'),
(632, 1, 83, 'male'),
(633, 13, 64, 'male'),
(634, 6, 46, 'femelle'),
(635, 2, 62, 'male'),
(636, 12, 66, 'femelle'),
(637, 7, 23, 'male'),
(638, 3, 72, 'femelle'),
(639, 13, 42, 'male'),
(640, 3, 62, 'male'),
(641, 8, 71, 'femelle'),
(642, 13, 26, 'femelle'),
(643, 10, 11, 'male'),
(644, 6, 7, 'femelle'),
(645, 1, 69, 'femelle'),
(646, 7, 31, 'male'),
(647, 4, 9, 'femelle'),
(648, 6, 94, 'femelle'),
(649, 8, 74, 'male'),
(650, 8, 80, 'femelle'),
(651, 8, 16, 'male'),
(652, 11, 7, 'male'),
(653, 12, 100, 'femelle'),
(654, 4, 77, 'femelle'),
(655, 13, 90, 'male'),
(656, 9, 5, 'femelle'),
(657, 6, 49, 'male'),
(658, 10, 71, 'femelle'),
(659, 3, 32, 'femelle'),
(660, 4, 63, 'male'),
(661, 5, 75, 'femelle'),
(662, 9, 66, 'femelle'),
(663, 12, 64, 'male'),
(664, 11, 66, 'femelle'),
(665, 12, 48, 'male'),
(666, 5, 7, 'femelle'),
(667, 8, 100, 'male'),
(668, 5, 11, 'male'),
(669, 4, 54, 'male'),
(670, 1, 95, 'femelle'),
(671, 6, 22, 'femelle'),
(672, 13, 88, 'male'),
(673, 8, 6, 'male'),
(674, 7, 85, 'femelle'),
(675, 4, 43, 'male'),
(676, 10, 13, 'femelle'),
(677, 9, 11, 'femelle'),
(678, 4, 82, 'male'),
(679, 6, 79, 'femelle'),
(680, 10, 80, 'femelle'),
(681, 1, 81, 'male'),
(682, 13, 3, 'femelle'),
(683, 9, 30, 'male'),
(684, 1, 4, 'femelle'),
(685, 9, 35, 'male'),
(686, 10, 23, 'male'),
(687, 8, 90, 'male'),
(688, 13, 58, 'femelle'),
(689, 2, 60, 'male'),
(690, 1, 22, 'femelle'),
(691, 13, 57, 'male'),
(692, 4, 29, 'femelle'),
(693, 2, 2, 'male'),
(694, 12, 28, 'male'),
(695, 5, 8, 'male'),
(696, 7, 22, 'male'),
(697, 6, 17, 'male'),
(698, 10, 10, 'male'),
(699, 12, 9, 'male'),
(700, 6, 7, 'male'),
(701, 12, 44, 'femelle'),
(702, 5, 40, 'male'),
(703, 3, 50, 'femelle'),
(704, 1, 80, 'male'),
(705, 9, 79, 'male'),
(706, 1, 23, 'femelle'),
(707, 6, 46, 'femelle'),
(708, 1, 2, 'femelle'),
(709, 9, 64, 'femelle'),
(710, 13, 55, 'male'),
(711, 6, 77, 'femelle'),
(712, 2, 57, 'femelle'),
(713, 10, 51, 'femelle'),
(714, 6, 39, 'male'),
(715, 9, 6, 'male'),
(716, 10, 8, 'femelle'),
(717, 2, 54, 'femelle'),
(718, 9, 65, 'femelle'),
(719, 4, 15, 'femelle'),
(720, 12, 33, 'male'),
(721, 8, 11, 'male'),
(722, 3, 39, 'male'),
(723, 10, 72, 'male'),
(724, 4, 94, 'femelle'),
(725, 8, 14, 'femelle'),
(726, 6, 60, 'male'),
(727, 4, 19, 'male'),
(728, 5, 16, 'male'),
(729, 10, 29, 'male'),
(730, 1, 45, 'femelle'),
(731, 11, 54, 'male'),
(732, 8, 6, 'male'),
(733, 5, 95, 'femelle'),
(734, 10, 31, 'femelle');

-- --------------------------------------------------------

--
-- Structure de la table `types`
--

CREATE TABLE `types` (
  `no` int(11) NOT NULL,
  `nomType` varchar(20) NOT NULL
) ENGINE=InnoDB DEFAULT CHARSET=latin1;

--
-- Contenu de la table `types`
--

INSERT INTO `types` (`no`, `nomType`) VALUES
(1, 'normal'),
(2, 'feu'),
(3, 'eau'),
(4, 'electr'),
(5, 'plante'),
(6, 'glace'),
(7, 'combat'),
(8, 'poison'),
(9, 'sol'),
(10, 'vol'),
(11, 'psy'),
(12, 'insect'),
(13, 'roche'),
(14, 'spectr'),
(15, 'dragon'),
(16, 'fee');

-- --------------------------------------------------------

--
-- Structure de la table `types_has_fichepokemon`
--

CREATE TABLE `types_has_fichepokemon` (
  `noType` int(11) NOT NULL,
  `noFichePokemon` int(11) NOT NULL
) ENGINE=InnoDB DEFAULT CHARSET=latin1;

--
-- Contenu de la table `types_has_fichepokemon`
--

INSERT INTO `types_has_fichepokemon` (`noType`, `noFichePokemon`) VALUES
(5, 1),
(8, 1),
(5, 2),
(8, 2),
(5, 3),
(8, 3),
(2, 4),
(2, 5),
(2, 6),
(10, 6),
(3, 7),
(3, 8),
(3, 9),
(12, 10),
(12, 11),
(12, 12),
(10, 12),
(12, 13),
(8, 13);

--
-- Index pour les tables exportées
--

--
-- Index pour la table `capture`
--
ALTER TABLE `capture`
  ADD KEY `capture_ibfk_1` (`noDresseurs`),
  ADD KEY `capture_ibfk_2` (`noPokemon`);

--
-- Index pour la table `dresseurs`
--
ALTER TABLE `dresseurs`
  ADD PRIMARY KEY (`no`);

--
-- Index pour la table `fichepokemon`
--
ALTER TABLE `fichepokemon`
  ADD PRIMARY KEY (`no`);

--
-- Index pour la table `pokemon`
--
ALTER TABLE `pokemon`
  ADD PRIMARY KEY (`no`),
  ADD KEY `pokemon_ibfk_1` (`noFichePok`);

--
-- Index pour la table `types`
--
ALTER TABLE `types`
  ADD PRIMARY KEY (`no`);

--
-- Index pour la table `types_has_fichepokemon`
--
ALTER TABLE `types_has_fichepokemon`
  ADD KEY `noFichePokemon` (`noFichePokemon`),
  ADD KEY `noType` (`noType`);

--
-- AUTO_INCREMENT pour les tables exportées
--

--
-- AUTO_INCREMENT pour la table `dresseurs`
--
ALTER TABLE `dresseurs`
  MODIFY `no` int(11) NOT NULL AUTO_INCREMENT, AUTO_INCREMENT=15;
--
-- AUTO_INCREMENT pour la table `pokemon`
--
ALTER TABLE `pokemon`
  MODIFY `no` int(11) NOT NULL AUTO_INCREMENT, AUTO_INCREMENT=735;
--
-- Contraintes pour les tables exportées
--

--
-- Contraintes pour la table `pokemon`
--
ALTER TABLE `pokemon`
  ADD CONSTRAINT `pokemon_ibfk_1` FOREIGN KEY (`noFichePok`) REFERENCES `fichepokemon` (`no`) ON DELETE NO ACTION ON UPDATE NO ACTION;

--
-- Contraintes pour la table `types_has_fichepokemon`
--
ALTER TABLE `types_has_fichepokemon`
  ADD CONSTRAINT `types_has_fichepokemon_ibfk_1` FOREIGN KEY (`noFichePokemon`) REFERENCES `fichepokemon` (`no`) ON DELETE CASCADE ON UPDATE CASCADE,
  ADD CONSTRAINT `types_has_fichepokemon_ibfk_2` FOREIGN KEY (`noType`) REFERENCES `types` (`no`) ON DELETE CASCADE ON UPDATE CASCADE;

/*!40101 SET CHARACTER_SET_CLIENT=@OLD_CHARACTER_SET_CLIENT */;
/*!40101 SET CHARACTER_SET_RESULTS=@OLD_CHARACTER_SET_RESULTS */;
/*!40101 SET COLLATION_CONNECTION=@OLD_COLLATION_CONNECTION */;
